name,pop,location
Toronto,2600000,"https://www.google.com/maps/?q=43.7001,-79.4163"
Montreal,1600000,"https://www.google.com/maps/?q=45.5088,-73.5878"
Calgary,1019942,"https://www.google.com/maps/?q=51.0501,-114.085"
Ottawa,812129,"https://www.google.com/maps/?q=45.4112,-75.6981"
Edmonton,712391,"https://www.google.com/maps/?q=53.5501,-113.469"
Mississauga,668549,"https://www.google.com/maps/?q=43.5789,-79.6583"
North York,636000,"https://www.google.com/maps/?q=43.7668,-79.4163"
Winnipeg,632063,"https://www.google.com/maps/?q=49.8844,-97.147"
Scarborough,600000,"https://www.google.com/maps/?q=43.7722,-79.2567"
Vancouver,600000,"https://www.google.com/maps/?q=49.2497,-123.119"
Quebec,528595,"https://www.google.com/maps/?q=46.8123,-71.2145"
Hamilton,519949,"https://www.google.com/maps/?q=43.2501,-79.8496"
Brampton,433806,"https://www.google.com/maps/?q=43.6834,-79.7663"
Surrey,394976,"https://www.google.com/maps/?q=49.1063,-122.825"
Laval,376845,"https://www.google.com/maps/?q=45.57,-73.692"
Halifax,359111,"https://www.google.com/maps/?q=44.6453,-63.5724"
Etobicoke,347948,"https://www.google.com/maps/?q=43.6542,-79.5671"
London,346765,"https://www.google.com/maps/?q=42.9834,-81.233"
Okanagan,297601,"https://www.google.com/maps/?q=50.3639,-119.35"
Victoria,289625,"https://www.google.com/maps/?q=48.4329,-123.369"
Windsor,278013,"https://www.google.com/maps/?q=42.3001,-83.0165"
Markham,261573,"https://www.google.com/maps/?q=43.8668,-79.2663"
Oshawa,247989,"https://www.google.com/maps/?q=43.9001,-78.8496"
Gatineau,242124,"https://www.google.com/maps/?q=45.4772,-75.7016"
Vaughan,238866,"https://www.google.com/maps/?q=43.8361,-79.4983"
Kitchener,233700,"https://www.google.com/maps/?q=43.4254,-80.5112"
Longueuil,229330,"https://www.google.com/maps/?q=45.5312,-73.5181"
Burnaby,202799,"https://www.google.com/maps/?q=49.2664,-122.953"
Ladner,200000,"https://www.google.com/maps/?q=49.0894,-123.082"
Saskatoon,198958,"https://www.google.com/maps/?q=52.1324,-106.669"
Richmond Hill,185541,"https://www.google.com/maps/?q=43.8711,-79.4372"
Barrie,182041,"https://www.google.com/maps/?q=44.4001,-79.6663"
Richmond,182000,"https://www.google.com/maps/?q=49.17,-123.137"
Nepean,180000,"https://www.google.com/maps/?q=45.3521,-75.7398"
Regina,176183,"https://www.google.com/maps/?q=50.4501,-104.618"
Oakville,165697,"https://www.google.com/maps/?q=43.4501,-79.6829"
Burlington,164415,"https://www.google.com/maps/?q=43.3862,-79.8371"
Greater Sudbury,157857,"https://www.google.com/maps/?q=46.49,-80.99"
Abbotsford,151683,"https://www.google.com/maps/?q=49.058,-122.253"
Saguenay,143692,"https://www.google.com/maps/?q=48.4168,-71.0657"
St. Catharines,131989,"https://www.google.com/maps/?q=43.1713,-79.2427"
Sherbrooke,129447,"https://www.google.com/maps/?q=45.4001,-71.8991"
Anmore,126456,"https://www.google.com/maps/?q=49.3164,-122.853"
Levis,126396,"https://www.google.com/maps/?q=46.8033,-71.1779"
Kelowna,125109,"https://www.google.com/maps/?q=49.8831,-119.486"
Cambridge,120372,"https://www.google.com/maps/?q=43.3601,-80.3127"
Trois-Rivieres,119693,"https://www.google.com/maps/?q=46.3451,-72.5477"
Guelph,115760,"https://www.google.com/maps/?q=43.5459,-80.256"
East York,115365,"https://www.google.com/maps/?q=43.6905,-79.3279"
Coquitlam,114565,"https://www.google.com/maps/?q=49.283,-122.753"
Kingston,114195,"https://www.google.com/maps/?q=44.2298,-76.481"
Sydney,105968,"https://www.google.com/maps/?q=46.1351,-60.1831"
Delta,101668,"https://www.google.com/maps/?q=49.144,-122.907"
Dartmouth,101343,"https://www.google.com/maps/?q=44.6713,-63.5772"
Thunder Bay,99334,"https://www.google.com/maps/?q=48.382,-89.2502"
St. John's,99182,"https://www.google.com/maps/?q=47.5649,-52.7093"
Waterloo,97475,"https://www.google.com/maps/?q=43.4668,-80.5164"
Terrebonne,94703,"https://www.google.com/maps/?q=45.7,-73.6473"
Ajax,90167,"https://www.google.com/maps/?q=43.8501,-79.0329"
Saint John,87857,"https://www.google.com/maps/?q=45.2727,-66.0677"
Pickering,87838,"https://www.google.com/maps/?q=43.9001,-79.1329"
Brantford,87759,"https://www.google.com/maps/?q=43.1334,-80.2664"
Moncton,87467,"https://www.google.com/maps/?q=46.0945,-64.7965"
Nanaimo,84905,"https://www.google.com/maps/?q=49.1664,-123.94"
Milton,84362,"https://www.google.com/maps/?q=43.5168,-79.8829"
Sarnia,82998,"https://www.google.com/maps/?q=42.9787,-82.4041"
Niagara Falls,82000,"https://www.google.com/maps/?q=43.1001,-79.0663"
Willowdale,79440,"https://www.google.com/maps/?q=43.7667,-79.3991"
Saint-Laurent,77391,"https://www.google.com/maps/?q=45.5001,-73.6658"
Chilliwack,77000,"https://www.google.com/maps/?q=49.1664,-121.953"
Repentigny,76237,"https://www.google.com/maps/?q=45.7422,-73.4501"
Fort McMurray,76000,"https://www.google.com/maps/?q=56.7268,-111.381"
Peterborough,75877,"https://www.google.com/maps/?q=44.3001,-78.3162"
Sault Ste. Marie,74948,"https://www.google.com/maps/?q=46.5168,-84.3333"
Newmarket,74295,"https://www.google.com/maps/?q=44.0501,-79.4663"
La Haute-Saint-Charles,74070,"https://www.google.com/maps/?q=46.8903,-71.3722"
Red Deer,73593,"https://www.google.com/maps/?q=52.2668,-113.802"
Saint-Leonard,73423,"https://www.google.com/maps/?q=45.5877,-73.595"
Saint-Jean-sur-Richelieu,71613,"https://www.google.com/maps/?q=45.3071,-73.2626"
Lethbridge,70617,"https://www.google.com/maps/?q=49.7,-112.819"
Maple Ridge,70000,"https://www.google.com/maps/?q=49.2194,-122.602"
Brossard,69575,"https://www.google.com/maps/?q=45.4501,-73.4658"
Kamloops,68714,"https://www.google.com/maps/?q=50.6665,-120.319"
Notre-Dame-de-Grace,67000,"https://www.google.com/maps/?q=45.4767,-73.6143"
White Rock,66450,"https://www.google.com/maps/?q=49.0164,-122.803"
Prince George,65558,"https://www.google.com/maps/?q=53.9166,-122.753"
Medicine Hat,63138,"https://www.google.com/maps/?q=50.0393,-110.677"
Norfolk County,60847,"https://www.google.com/maps/?q=42.8334,-80.383"
Drummondville,59489,"https://www.google.com/maps/?q=45.8834,-72.4824"
New Westminster,58549,"https://www.google.com/maps/?q=49.2068,-122.911"
St. Albert,57719,"https://www.google.com/maps/?q=53.6334,-113.635"
Sherwood Park,55063,"https://www.google.com/maps/?q=53.5168,-113.319"
Saint-Jerome,54948,"https://www.google.com/maps/?q=45.7804,-74.0036"
Jonquiere,54842,"https://www.google.com/maps/?q=48.4165,-71.2488"
Granby,53979,"https://www.google.com/maps/?q=45.4001,-72.7324"
Fredericton,52337,"https://www.google.com/maps/?q=45.9454,-66.6656"
Welland,50331,"https://www.google.com/maps/?q=42.9834,-79.2496"
Saint-Hyacinthe,50326,"https://www.google.com/maps/?q=45.6308,-72.957"
North Bay,50170,"https://www.google.com/maps/?q=46.3168,-79.4663"
Belleville,49454,"https://www.google.com/maps/?q=44.1668,-77.3828"
Shawinigan,49161,"https://www.google.com/maps/?q=46.5667,-72.7491"
Dollard-Des Ormeaux,48930,"https://www.google.com/maps/?q=45.4945,-73.8242"
Cornwall,48821,"https://www.google.com/maps/?q=45.0181,-74.7281"
North Vancouver,48000,"https://www.google.com/maps/?q=49.3164,-123.069"
Vernon,47274,"https://www.google.com/maps/?q=50.2673,-119.273"
Blainville,46493,"https://www.google.com/maps/?q=45.6668,-73.8825"
West End,44560,"https://www.google.com/maps/?q=49.2833,-123.133"
Chatham,43550,"https://www.google.com/maps/?q=42.4122,-82.1849"
Timmins,42997,"https://www.google.com/maps/?q=48.4669,-81.3331"
Chateauguay,42786,"https://www.google.com/maps/?q=45.3834,-73.7492"
Quinte West,42697,"https://www.google.com/maps/?q=44.1834,-77.5662"
West Vancouver,42694,"https://www.google.com/maps/?q=49.3667,-123.167"
Charlottetown,42402,"https://www.google.com/maps/?q=46.239,-63.1341"
Rimouski,42240,"https://www.google.com/maps/?q=48.4488,-68.524"
Saint-Eustache,42062,"https://www.google.com/maps/?q=45.565,-73.9055"
Grande Prairie,41462,"https://www.google.com/maps/?q=55.1667,-118.803"
Boucherville,39062,"https://www.google.com/maps/?q=45.591,-73.4361"
Salaberry-de-Valleyfield,38662,"https://www.google.com/maps/?q=45.2501,-74.1325"
Penticton,37721,"https://www.google.com/maps/?q=49.4806,-119.586"
St. Thomas,36110,"https://www.google.com/maps/?q=42.7736,-81.1804"
Rock Forest,35500,"https://www.google.com/maps/?q=45.357,-71.9968"
Joliette,34772,"https://www.google.com/maps/?q=46.0164,-73.4236"
Mirabel,34626,"https://www.google.com/maps/?q=45.6501,-74.0825"
Mascouche,34626,"https://www.google.com/maps/?q=45.7496,-73.5996"
Prince Albert,34609,"https://www.google.com/maps/?q=53.2001,-105.768"
Victoriaville,34426,"https://www.google.com/maps/?q=46.0501,-71.9658"
Brant,34415,"https://www.google.com/maps/?q=43.1334,-80.3497"
Woodstock,33892,"https://www.google.com/maps/?q=43.1334,-80.7497"
Campbell River,33430,"https://www.google.com/maps/?q=50.0163,-125.245"
Ancaster,33232,"https://www.google.com/maps/?q=43.2181,-79.9872"
Courtenay,32793,"https://www.google.com/maps/?q=49.6866,-124.994"
Orangeville,32640,"https://www.google.com/maps/?q=43.9168,-80.0997"
North Cowichan,32272,"https://www.google.com/maps/?q=48.8413,-123.686"
Moose Jaw,32166,"https://www.google.com/maps/?q=50.4001,-105.534"
Midland,31502,"https://www.google.com/maps/?q=44.7501,-79.883"
Cote-Saint-Luc,31395,"https://www.google.com/maps/?q=45.4654,-73.6658"
Saint-Georges,31173,"https://www.google.com/maps/?q=46.1135,-70.6653"
Val-d'Or,31123,"https://www.google.com/maps/?q=48.0974,-77.7974"
Stratford,30233,"https://www.google.com/maps/?q=43.3668,-80.9497"
Orillia,30178,"https://www.google.com/maps/?q=44.6087,-79.4207"
Pointe-Claire,30161,"https://www.google.com/maps/?q=45.4487,-73.8167"
Baie-Comeau,29808,"https://www.google.com/maps/?q=49.2168,-68.1489"
Alma,29526,"https://www.google.com/maps/?q=48.5501,-71.6491"
Sainte-Julie,29019,"https://www.google.com/maps/?q=45.5834,-73.3325"
West Kelowna,28793,"https://www.google.com/maps/?q=49.8625,-119.583"
Port Moody,27512,"https://www.google.com/maps/?q=49.283,-122.853"
Lloydminster,27000,"https://www.google.com/maps/?q=53.2724,-110.023"
Boisbriand,26483,"https://www.google.com/maps/?q=45.6168,-73.8325"
Brandon,26234,"https://www.google.com/maps/?q=49.8469,-99.9531"
Vaudreuil-Dorion,25789,"https://www.google.com/maps/?q=45.4001,-74.0325"
Thetford-Mines,25704,"https://www.google.com/maps/?q=46.0937,-71.3054"
Walnut Grove,25683,"https://www.google.com/maps/?q=49.1647,-122.64"
Prince Edward,25496,"https://www.google.com/maps/?q=44.0001,-77.2495"
Sainte-Therese,25224,"https://www.google.com/maps/?q=45.6392,-73.8276"
Airdrie,24673,"https://www.google.com/maps/?q=51.3001,-114.035"
Mount Pearl,24671,"https://www.google.com/maps/?q=47.5166,-52.7813"
Saint-Bruno-de-Montarville,24388,"https://www.google.com/maps/?q=45.5334,-73.3492"
Rouyn-Noranda,24023,"https://www.google.com/maps/?q=48.2366,-79.0231"
Saint-Constant,23957,"https://www.google.com/maps/?q=45.3668,-73.5659"
Brockville,23886,"https://www.google.com/maps/?q=44.5913,-75.687"
Langley,23606,"https://www.google.com/maps/?q=49.1011,-122.659"
Whitehorse,23272,"https://www.google.com/maps/?q=60.7161,-135.054"
Owen Sound,22625,"https://www.google.com/maps/?q=44.5672,-80.9435"
Chambly,22608,"https://www.google.com/maps/?q=45.4501,-73.2825"
Sept-Iles,22582,"https://www.google.com/maps/?q=50.2001,-66.3821"
Langford,22459,"https://www.google.com/maps/?q=48.4496,-123.503"
Duncan,22199,"https://www.google.com/maps/?q=48.7829,-123.703"
La Prairie,21763,"https://www.google.com/maps/?q=45.4168,-73.4992"
Lower Sackville,21379,"https://www.google.com/maps/?q=44.776,-63.6786"
Port Alberni,21282,"https://www.google.com/maps/?q=49.2413,-124.803"
Keswick,21000,"https://www.google.com/maps/?q=44.2501,-79.4663"
Varennes,20950,"https://www.google.com/maps/?q=45.6834,-73.4325"
Clarence-Rockland,20790,"https://www.google.com/maps/?q=45.5501,-75.291"
Truro,20650,"https://www.google.com/maps/?q=45.3669,-63.2654"
Westmount,20494,"https://www.google.com/maps/?q=45.4834,-73.5992"
Kirkland,20491,"https://www.google.com/maps/?q=45.4501,-73.8659"
Lindsay,20354,"https://www.google.com/maps/?q=44.3501,-78.7329"
New Glasgow,20322,"https://www.google.com/maps/?q=45.5834,-62.6486"
Cole Harbour,20000,"https://www.google.com/maps/?q=44.6724,-63.4751"
Glace Bay,19968,"https://www.google.com/maps/?q=46.1969,-59.957"
Huntsville,19579,"https://www.google.com/maps/?q=45.3334,-79.2163"
Terrace,19443,"https://www.google.com/maps/?q=54.5163,-128.603"
North Battleford,19440,"https://www.google.com/maps/?q=52.7797,-108.297"
Beaconsfield,19194,"https://www.google.com/maps/?q=45.4334,-73.8659"
Mont-Royal,18933,"https://www.google.com/maps/?q=45.5168,-73.6492"
Beloeil,18927,"https://www.google.com/maps/?q=45.5684,-73.2057"
Corner Brook,18693,"https://www.google.com/maps/?q=48.95,-57.952"
Cranbrook,18610,"https://www.google.com/maps/?q=49.4999,-115.769"
Port Colborne,18599,"https://www.google.com/maps/?q=42.9001,-79.2329"
Riviere-du-Loup,18586,"https://www.google.com/maps/?q=47.827,-69.5424"
Dieppe,18565,"https://www.google.com/maps/?q=46.0784,-64.6873"
Thorold,18224,"https://www.google.com/maps/?q=43.1168,-79.1996"
Miramichi,18129,"https://www.google.com/maps/?q=47.0289,-65.5019"
Cobourg,18099,"https://www.google.com/maps/?q=43.9598,-78.1652"
Dorval,18088,"https://www.google.com/maps/?q=45.4473,-73.7533"
Oak Bay,18015,"https://www.google.com/maps/?q=48.4496,-123.303"
Amos,17918,"https://www.google.com/maps/?q=48.5669,-78.1162"
Spruce Grove,17767,"https://www.google.com/maps/?q=53.5334,-113.919"
Pitt Meadows,17410,"https://www.google.com/maps/?q=49.2212,-122.69"
Fort St. John,17402,"https://www.google.com/maps/?q=56.2499,-120.853"
Deux-Montagnes,17402,"https://www.google.com/maps/?q=45.5345,-73.9017"
Saint-Augustin-de-Desmaures,17281,"https://www.google.com/maps/?q=46.7406,-71.4513"
Conception Bay South,17087,"https://www.google.com/maps/?q=47.4999,-52.9981"
Saint-Lazare,17016,"https://www.google.com/maps/?q=45.4001,-74.1326"
Sainte-Catherine,16762,"https://www.google.com/maps/?q=45.4001,-73.5825"
L'Assomption,16738,"https://www.google.com/maps/?q=45.8232,-73.4294"
Edmundston,16643,"https://www.google.com/maps/?q=47.3737,-68.3251"
L'Ancienne-Lorette,16516,"https://www.google.com/maps/?q=46.7939,-71.3519"
Cochrane,16365,"https://www.google.com/maps/?q=51.1834,-114.469"
Lutes Mountain,16311,"https://www.google.com/maps/?q=46.1354,-64.905"
Sainte-Catherine,16211,"https://www.google.com/maps/?q=46.3184,-72.5663"
Salmon Arm,16205,"https://www.google.com/maps/?q=50.6998,-119.302"
Rayside-Balfour,16050,"https://www.google.com/maps/?q=46.6087,-81.2076"
Petawawa,15988,"https://www.google.com/maps/?q=45.8945,-77.2801"
Fort Erie,15953,"https://www.google.com/maps/?q=42.9001,-78.9329"
Candiac,15947,"https://www.google.com/maps/?q=45.3834,-73.5159"
Yellowknife,15865,"https://www.google.com/maps/?q=62.4541,-114.372"
Collingwood,15809,"https://www.google.com/maps/?q=44.4834,-80.2164"
Mont-Saint-Hilaire,15720,"https://www.google.com/maps/?q=45.5652,-73.1868"
Camrose,15686,"https://www.google.com/maps/?q=53.0168,-112.835"
Yorkton,15669,"https://www.google.com/maps/?q=51.2167,-102.468"
Saint-Basile-le-Grand,15605,"https://www.google.com/maps/?q=45.5334,-73.2825"
Leduc,15561,"https://www.google.com/maps/?q=53.2668,-113.552"
Pembroke,15551,"https://www.google.com/maps/?q=45.8168,-77.1162"
Magog,15550,"https://www.google.com/maps/?q=45.2668,-72.1491"
Greater Napanee,15132,"https://www.google.com/maps/?q=44.2501,-76.9494"
Kenora,15096,"https://www.google.com/maps/?q=49.7674,-94.4899"
le Plateau,15000,"https://www.google.com/maps/?q=45.4351,-75.7803"
Fort Saskatchewan,14957,"https://www.google.com/maps/?q=53.7168,-113.219"
Okotoks,14826,"https://www.google.com/maps/?q=50.7289,-113.983"
Gaspe,14819,"https://www.google.com/maps/?q=48.8334,-64.4819"
Matane,14812,"https://www.google.com/maps/?q=48.8286,-67.522"
Summerside,14808,"https://www.google.com/maps/?q=46.3959,-63.7876"
Prince Rupert,14708,"https://www.google.com/maps/?q=54.3151,-130.321"
Swift Current,14703,"https://www.google.com/maps/?q=50.2834,-107.801"
Colwood,14687,"https://www.google.com/maps/?q=48.4329,-123.486"
Rosemere,14173,"https://www.google.com/maps/?q=45.6334,-73.7992"
Williams Lake,14168,"https://www.google.com/maps/?q=52.1415,-122.145"
Saint-Lin-Laurentides,14159,"https://www.google.com/maps/?q=45.8501,-73.7659"
Simcoe,13922,"https://www.google.com/maps/?q=42.8334,-80.2997"
Quesnel,13788,"https://www.google.com/maps/?q=52.9784,-122.493"
Bay Roberts,13737,"https://www.google.com/maps/?q=47.5999,-53.2648"
Mont-Laurier,13405,"https://www.google.com/maps/?q=46.5501,-75.4993"
Portage la Prairie,12957,"https://www.google.com/maps/?q=49.9728,-98.2926"
Dolbeau-Mistassini,12916,"https://www.google.com/maps/?q=48.8786,-72.2314"
Powell River,12779,"https://www.google.com/maps/?q=49.8328,-124.524"
Brooks,12744,"https://www.google.com/maps/?q=50.5834,-111.885"
Bathurst,12714,"https://www.google.com/maps/?q=47.6181,-65.6511"
Kentville,12636,"https://www.google.com/maps/?q=45.0771,-64.496"
Elliot Lake,12508,"https://www.google.com/maps/?q=46.3834,-82.6331"
Thompson,12467,"https://www.google.com/maps/?q=55.7435,-97.8558"
Aldergrove,12363,"https://www.google.com/maps/?q=49.058,-122.471"
Canmore,12288,"https://www.google.com/maps/?q=51.0834,-115.352"
Hawkesbury,12283,"https://www.google.com/maps/?q=45.6001,-74.616"
North Perth,12254,"https://www.google.com/maps/?q=43.7251,-80.9672"
Grand Falls-Windsor,12076,"https://www.google.com/maps/?q=48.9332,-55.6649"
Parksville,12000,"https://www.google.com/maps/?q=49.3195,-124.316"
Beauharnois,11918,"https://www.google.com/maps/?q=45.3134,-73.8725"
Ingersoll,11874,"https://www.google.com/maps/?q=43.0334,-80.883"
Montmagny,11724,"https://www.google.com/maps/?q=46.9804,-70.5549"
Cold Lake,11595,"https://www.google.com/maps/?q=54.4652,-110.182"
Sainte-Marie,11584,"https://www.google.com/maps/?q=46.434,-71.0117"
Uxbridge,11531,"https://www.google.com/maps/?q=44.1001,-79.1163"
Fall River,11526,"https://www.google.com/maps/?q=44.8168,-63.6154"
Amherstburg,11459,"https://www.google.com/maps/?q=42.1168,-83.0499"
Sainte-Marthe-sur-le-Lac,11311,"https://www.google.com/maps/?q=45.5334,-73.9325"
Wetaskiwin,11302,"https://www.google.com/maps/?q=52.9668,-113.369"
Pincourt,11197,"https://www.google.com/maps/?q=45.3834,-73.9825"
Paris,11177,"https://www.google.com/maps/?q=43.2,-80.3833"
Becancour,11134,"https://www.google.com/maps/?q=46.3334,-72.4324"
North Saanich,11089,"https://www.google.com/maps/?q=48.6663,-123.419"
Cowansville,10887,"https://www.google.com/maps/?q=45.2001,-72.7491"
Dawson Creek,10802,"https://www.google.com/maps/?q=55.7598,-120.24"
Sainte-Anne-des-Plaines,10680,"https://www.google.com/maps/?q=45.7647,-73.8116"
Lambton Shores,10656,"https://www.google.com/maps/?q=43.1668,-81.9331"
Sainte-Adele,10634,"https://www.google.com/maps/?q=45.9501,-74.1325"
Les Coteaux,10622,"https://www.google.com/maps/?q=45.2834,-74.2325"
Whistler,10600,"https://www.google.com/maps/?q=50.1164,-122.969"
Smiths Falls,10553,"https://www.google.com/maps/?q=44.9045,-76.0233"
Sylvan Lake,10518,"https://www.google.com/maps/?q=52.311,-114.084"
Temiskaming Shores,10442,"https://www.google.com/maps/?q=47.4938,-79.7153"
Cantley,10412,"https://www.google.com/maps/?q=45.5668,-75.7827"
Rawdon,10400,"https://www.google.com/maps/?q=46.0501,-73.7159"
Labrador City,10313,"https://www.google.com/maps/?q=52.9463,-66.9114"
Angus,10269,"https://www.google.com/maps/?q=44.3168,-79.8829"
Prevost,10132,"https://www.google.com/maps/?q=45.8668,-74.0825"
Mercier,10121,"https://www.google.com/maps/?q=45.3168,-73.7492"
Lacombe,10059,"https://www.google.com/maps/?q=52.4668,-113.735"
Strathmore,10009,"https://www.google.com/maps/?q=51.0501,-113.385"
Hanceville,10000,"https://www.google.com/maps/?q=51.9192,-123.045"
South Huron,9982,"https://www.google.com/maps/?q=43.3168,-81.5165"
Bells Corners,9977,"https://www.google.com/maps/?q=45.3159,-75.8301"
L'Ile-Perrot,9927,"https://www.google.com/maps/?q=45.3834,-73.9492"
Estevan,9904,"https://www.google.com/maps/?q=49.1334,-102.984"
Hinton,9889,"https://www.google.com/maps/?q=53.4001,-117.586"
Notre-Dame-de-l'Ile-Perrot,9885,"https://www.google.com/maps/?q=45.3668,-73.9325"
High River,9826,"https://www.google.com/maps/?q=50.5834,-113.869"
Nelson,9813,"https://www.google.com/maps/?q=49.4999,-117.286"
Carleton Place,9743,"https://www.google.com/maps/?q=45.1334,-76.1494"
Trail,9707,"https://www.google.com/maps/?q=49.0998,-117.702"
Selkirk,9653,"https://www.google.com/maps/?q=50.1436,-96.8845"
Lorraine,9613,"https://www.google.com/maps/?q=45.6834,-73.7825"
Steinbach,9607,"https://www.google.com/maps/?q=49.5258,-96.6845"
Arnprior,9607,"https://www.google.com/maps/?q=45.4334,-76.3494"
Lachute,9562,"https://www.google.com/maps/?q=45.6501,-74.3325"
Val-des-Monts,9539,"https://www.google.com/maps/?q=45.6501,-75.666"
La Tuque,9503,"https://www.google.com/maps/?q=47.4334,-72.7824"
Weyburn,9362,"https://www.google.com/maps/?q=49.6668,-103.851"
Amherst,9336,"https://www.google.com/maps/?q=45.8335,-64.1987"
Dorchester,9329,"https://www.google.com/maps/?q=42.9834,-81.0664"
Roberval,9287,"https://www.google.com/maps/?q=48.5168,-72.2324"
Saint-Raymond,9273,"https://www.google.com/maps/?q=45.467,-73.6095"
Huron East,9264,"https://www.google.com/maps/?q=43.6168,-81.2998"
Kapuskasing,9240,"https://www.google.com/maps/?q=49.4169,-82.4331"
Saint-Sauveur,9191,"https://www.google.com/maps/?q=45.8869,-74.1794"
Oromocto,8998,"https://www.google.com/maps/?q=45.8351,-66.4792"
Kitimat,8987,"https://www.google.com/maps/?q=54.0524,-128.653"
La Malbaie,8959,"https://www.google.com/maps/?q=47.654,-70.1527"
Stony Plain,8939,"https://www.google.com/maps/?q=53.5334,-114.002"
Mont-Tremblant,8892,"https://www.google.com/maps/?q=46.2127,-74.5844"
Binbrook,8796,"https://www.google.com/maps/?q=43.1213,-79.811"
Whitecourt,8763,"https://www.google.com/maps/?q=54.1502,-115.685"
Lavaltrie,8762,"https://www.google.com/maps/?q=45.8834,-73.2824"
Ladysmith,8740,"https://www.google.com/maps/?q=48.9902,-123.817"
Pont-Rouge,8723,"https://www.google.com/maps/?q=46.7547,-71.6957"
Castlegar,8715,"https://www.google.com/maps/?q=49.2998,-117.669"
Otterburn Park,8464,"https://www.google.com/maps/?q=45.5334,-73.2159"
Dauphin,8418,"https://www.google.com/maps/?q=51.1494,-100.05"
Bois-des-Filion,8383,"https://www.google.com/maps/?q=45.6668,-73.7492"
Winkler,8270,"https://www.google.com/maps/?q=49.1817,-97.941"
Concord,8255,"https://www.google.com/maps/?q=43.8001,-79.4829"
Bracebridge,8238,"https://www.google.com/maps/?q=45.0334,-79.3163"
Notre-Dame-des-Prairies,8230,"https://www.google.com/maps/?q=46.0501,-73.4324"
Dryden,8195,"https://www.google.com/maps/?q=49.7833,-92.7503"
Taber,8163,"https://www.google.com/maps/?q=49.787,-112.146"
Morinville,8108,"https://www.google.com/maps/?q=53.8001,-113.652"
Silver Berry,8089,"https://www.google.com/maps/?q=53.4579,-113.382"
Saint-Felicien,8088,"https://www.google.com/maps/?q=48.6501,-72.4491"
Saint-Hippolyte,8083,"https://www.google.com/maps/?q=45.9334,-74.0159"
Bridgewater,8070,"https://www.google.com/maps/?q=44.3786,-64.5188"
Goderich,8032,"https://www.google.com/maps/?q=43.7417,-81.7134"
Wild Rose,8031,"https://www.google.com/maps/?q=53.4708,-113.381"
Renfrew,8018,"https://www.google.com/maps/?q=45.4668,-76.6827"
Edson,7975,"https://www.google.com/maps/?q=53.5835,-116.436"
Fort Frances,7931,"https://www.google.com/maps/?q=48.6167,-93.4003"
Chandler,7914,"https://www.google.com/maps/?q=48.3493,-64.6793"
Kirkland Lake,7775,"https://www.google.com/maps/?q=48.1446,-80.0377"
Slave Lake,7661,"https://www.google.com/maps/?q=55.2834,-114.769"
Happy Valley-Goose Bay,7572,"https://www.google.com/maps/?q=53.3038,-60.3258"
Wasaga Beach,7567,"https://www.google.com/maps/?q=44.5168,-80.0164"
Chibougamau,7563,"https://www.google.com/maps/?q=49.9168,-74.3659"
Revelstoke,7533,"https://www.google.com/maps/?q=50.9971,-118.195"
Aylmer,7527,"https://www.google.com/maps/?q=42.7668,-80.983"
Pont Rouge,7518,"https://www.google.com/maps/?q=48.8833,-72.0825"
Camlachie,7506,"https://www.google.com/maps/?q=43.036,-82.1616"
Banff,7502,"https://www.google.com/maps/?q=51.1762,-115.57"
Yarmouth,7500,"https://www.google.com/maps/?q=43.8335,-66.1156"
Carignan,7426,"https://www.google.com/maps/?q=45.4501,-73.2992"
Campbellton,7384,"https://www.google.com/maps/?q=48.0075,-66.6727"
Beaumont,7366,"https://www.google.com/maps/?q=53.3501,-113.419"
Innisfil,7345,"https://www.google.com/maps/?q=44.3001,-79.6496"
Delson,7322,"https://www.google.com/maps/?q=45.3668,-73.5492"
Sydney Mines,7312,"https://www.google.com/maps/?q=46.2367,-60.2177"
Baie-Saint-Paul,7288,"https://www.google.com/maps/?q=47.4411,-70.4986"
Hanover,7255,"https://www.google.com/maps/?q=44.1501,-81.033"
La Sarre,7206,"https://www.google.com/maps/?q=48.8002,-79.1996"
Asbestos,7190,"https://www.google.com/maps/?q=45.7668,-71.9324"
Merritt,7179,"https://www.google.com/maps/?q=50.1123,-120.794"
Bluewater,7044,"https://www.google.com/maps/?q=43.4668,-81.5998"
Coaticook,7021,"https://www.google.com/maps/?q=45.1334,-71.7991"
Hampstead,6996,"https://www.google.com/maps/?q=45.4806,-73.6631"
Olds,6947,"https://www.google.com/maps/?q=51.7834,-114.102"
Greenwood,6915,"https://www.google.com/maps/?q=44.9741,-64.9317"
Gibsons,6821,"https://www.google.com/maps/?q=49.3954,-123.506"
Carbonear,6814,"https://www.google.com/maps/?q=47.7332,-53.2148"
Saint-Zotique,6773,"https://www.google.com/maps/?q=45.2501,-74.2492"
Kincardine,6725,"https://www.google.com/maps/?q=44.1834,-81.6331"
Plessisville,6677,"https://www.google.com/maps/?q=46.2186,-71.762"
Brownsburg-Chatham,6664,"https://www.google.com/maps/?q=45.6834,-74.4159"
Ponoka,6656,"https://www.google.com/maps/?q=52.6768,-113.581"
Mont-Joli,6568,"https://www.google.com/maps/?q=48.5839,-68.1921"
Rocky Mountain House,6527,"https://www.google.com/maps/?q=52.3668,-114.919"
Kimberley,6513,"https://www.google.com/maps/?q=49.6707,-115.978"
Perth,6481,"https://www.google.com/maps/?q=44.9001,-76.2494"
Parry Sound,6469,"https://www.google.com/maps/?q=45.3473,-80.0353"
Pointe-Calumet,6396,"https://www.google.com/maps/?q=45.5001,-73.9659"
Morden,6395,"https://www.google.com/maps/?q=49.1919,-98.1014"
Coaldale,6317,"https://www.google.com/maps/?q=49.7167,-112.619"
Summerland,6292,"https://www.google.com/maps/?q=49.5998,-119.669"
Stephenville,6278,"https://www.google.com/maps/?q=48.55,-58.5818"
Amqui,6261,"https://www.google.com/maps/?q=48.4638,-67.4313"
Beauceville,6226,"https://www.google.com/maps/?q=46.2178,-70.7787"
Saint-Joseph-du-Lac,6195,"https://www.google.com/maps/?q=45.5334,-73.9992"
Sooke,6145,"https://www.google.com/maps/?q=48.3746,-123.728"
Iqaluit,6124,"https://www.google.com/maps/?q=63.747,-68.5173"
Drayton Valley,6099,"https://www.google.com/maps/?q=53.2168,-114.985"
Farnham,6061,"https://www.google.com/maps/?q=45.2834,-72.9824"
The Pas,6055,"https://www.google.com/maps/?q=53.8251,-101.254"
Bromont,6049,"https://www.google.com/maps/?q=45.3168,-72.6491"
Saint-Felix-de-Valois,6029,"https://www.google.com/maps/?q=46.1698,-73.4252"
